File accession	File format	Output type	Experiment accession	Assay	Biosample term id	Biosample term name	Biosample type	Biosample life stage	Biosample sex	Biosample Age	Biosample organism	Biosample treatments	Biosample subcellular fraction term name	Biosample phase	Biosample synchronization stage	Experiment target	Antibody accession	Library made from	Library depleted in	Library extraction method	Library lysis method	Library crosslinking method	Library strand specific	Experiment date released	Project	RBNS protein concentration	Library fragmentation method	Library size range	Biological replicate(s)	Technical replicate	Read length	Mapped read length	Run type	Paired end	Paired with	Derived from	Size	Lab	md5sum	dbxrefs	File download URL	Assembly	Platform	Controlled by	File Status	Audit WARNING	Audit INTERNAL_ACTION	Audit NOT_COMPLIANT	Audit ERROR
ENCFF001UDY	bed broadPeak	peaks	ENCSR000BSA	ChIP-seq	EFO:0002824	HCT116	immortalized cell line	adult	male	unknown	Homo sapiens					JUND-human	ENCAB000AID	DNA		see document	see document		False	2012-09-10	ENCODE				1	1							161923	Richard Myers, HAIB	f51811624309dee9545a48bec0b6c649		https://www.encodeproject.org/files/ENCFF001UDY/@@download/ENCFF001UDY.bed.gz	hg19			archived	low read depth	missing derived_from, biological replicates with identical biosample		
ENCFF001UDZ	bed broadPeak	peaks	ENCSR000BSA	ChIP-seq	EFO:0002824	HCT116	immortalized cell line	adult	male	unknown	Homo sapiens					JUND-human	ENCAB000AID	DNA		see document	see document		False	2012-09-10	ENCODE				2	1							198999	Richard Myers, HAIB	984de86e2efb88e3e5012eeaa60eaccf		https://www.encodeproject.org/files/ENCFF001UDZ/@@download/ENCFF001UDZ.bed.gz	hg19			archived	low read depth	missing derived_from, biological replicates with identical biosample		
ENCFF833ZRV	bed narrowPeak	peaks	ENCSR000BSA	ChIP-seq	EFO:0002824	HCT116	immortalized cell line	adult	male	unknown	Homo sapiens					JUND-human	ENCAB000AID	DNA		see document	see document		False	2012-09-10	ENCODE				2							ENCFF726DLQ	5301138	ENCODE Processing Pipeline	0aeb1db6a08db0b66fb5970fe6d9028f		https://www.encodeproject.org/files/ENCFF833ZRV/@@download/ENCFF833ZRV.bed.gz	GRCh38			released	low read depth	biological replicates with identical biosample		
ENCFF998KDQ	bed narrowPeak	optimal idr thresholded peaks	ENCSR000BSA	ChIP-seq	EFO:0002824	HCT116	immortalized cell line	adult	male	unknown	Homo sapiens					JUND-human	ENCAB000AID	DNA		see document	see document		False	2012-09-10	ENCODE				1, 2							ENCFF419RSJ, ENCFF833ZRV, ENCFF848GBZ, ENCFF973IDD	423275	ENCODE Processing Pipeline	74b7f5b3689916cf722046e595380c61		https://www.encodeproject.org/files/ENCFF998KDQ/@@download/ENCFF998KDQ.bed.gz	GRCh38			released	low read depth	biological replicates with identical biosample		
ENCFF333VCK	bed narrowPeak	conservative idr thresholded peaks	ENCSR000BSA	ChIP-seq	EFO:0002824	HCT116	immortalized cell line	adult	male	unknown	Homo sapiens					JUND-human	ENCAB000AID	DNA		see document	see document		False	2012-09-10	ENCODE				1, 2							ENCFF419RSJ, ENCFF833ZRV, ENCFF848GBZ, ENCFF973IDD	390371	ENCODE Processing Pipeline	e9aa814badcb1197446af03199d12fd3		https://www.encodeproject.org/files/ENCFF333VCK/@@download/ENCFF333VCK.bed.gz	GRCh38			released	low read depth	biological replicates with identical biosample		
ENCFF848GBZ	bed narrowPeak	peaks	ENCSR000BSA	ChIP-seq	EFO:0002824	HCT116	immortalized cell line	adult	male	unknown	Homo sapiens					JUND-human	ENCAB000AID	DNA		see document	see document		False	2012-09-10	ENCODE				1, 2							ENCFF073LHY, ENCFF726DLQ	6294409	ENCODE Processing Pipeline	910044dd3dd861c75f9743182eb5dc0f		https://www.encodeproject.org/files/ENCFF848GBZ/@@download/ENCFF848GBZ.bed.gz	GRCh38			released	low read depth	biological replicates with identical biosample		
ENCFF973IDD	bed narrowPeak	peaks	ENCSR000BSA	ChIP-seq	EFO:0002824	HCT116	immortalized cell line	adult	male	unknown	Homo sapiens					JUND-human	ENCAB000AID	DNA		see document	see document		False	2012-09-10	ENCODE				1							ENCFF073LHY	5305060	ENCODE Processing Pipeline	1f5cfee851b08608edb1b42e4bbf944e		https://www.encodeproject.org/files/ENCFF973IDD/@@download/ENCFF973IDD.bed.gz	GRCh38			released	low read depth	biological replicates with identical biosample		
ENCFF383XWW	bed narrowPeak	peaks	ENCSR000BSA	ChIP-seq	EFO:0002824	HCT116	immortalized cell line	adult	male	unknown	Homo sapiens					JUND-human	ENCAB000AID	DNA		see document	see document		False	2012-09-10	ENCODE				2							ENCFF622MSR, ENCFF904LDR	5301624	ENCODE Processing Pipeline	f78001de2701c3d1ead6e1dfb6d25875		https://www.encodeproject.org/files/ENCFF383XWW/@@download/ENCFF383XWW.bed.gz	hg19			released	low read depth	biological replicates with identical biosample		
ENCFF772HIT	bed narrowPeak	peaks	ENCSR000BSA	ChIP-seq	EFO:0002824	HCT116	immortalized cell line	adult	male	unknown	Homo sapiens					JUND-human	ENCAB000AID	DNA		see document	see document		False	2012-09-10	ENCODE				1							ENCFF242DVM, ENCFF831FMU	5306321	ENCODE Processing Pipeline	2d56dc8d6dd0bc4727e57c7c1d979985		https://www.encodeproject.org/files/ENCFF772HIT/@@download/ENCFF772HIT.bed.gz	hg19			released	low read depth	biological replicates with identical biosample		
ENCFF215YYW	bed narrowPeak	peaks	ENCSR000BSA	ChIP-seq	EFO:0002824	HCT116	immortalized cell line	adult	male	unknown	Homo sapiens					JUND-human	ENCAB000AID	DNA		see document	see document		False	2012-09-10	ENCODE				1, 2							ENCFF242DVM, ENCFF622MSR, ENCFF831FMU, ENCFF904LDR	6298537	ENCODE Processing Pipeline	70bee3f9011e67a871d65aad2e2e1a73		https://www.encodeproject.org/files/ENCFF215YYW/@@download/ENCFF215YYW.bed.gz	hg19			released	low read depth	biological replicates with identical biosample		
ENCFF950JTT	bed narrowPeak	conservative idr thresholded peaks	ENCSR000BSA	ChIP-seq	EFO:0002824	HCT116	immortalized cell line	adult	male	unknown	Homo sapiens					JUND-human	ENCAB000AID	DNA		see document	see document		False	2012-09-10	ENCODE				1, 2							ENCFF001TDO, ENCFF215YYW, ENCFF383XWW, ENCFF772HIT	390107	ENCODE Processing Pipeline	2cbb71e35123474141876f2d96fd7e7c		https://www.encodeproject.org/files/ENCFF950JTT/@@download/ENCFF950JTT.bed.gz	hg19			released	low read depth	biological replicates with identical biosample		
ENCFF088WYS	bed narrowPeak	optimal idr thresholded peaks	ENCSR000BSA	ChIP-seq	EFO:0002824	HCT116	immortalized cell line	adult	male	unknown	Homo sapiens					JUND-human	ENCAB000AID	DNA		see document	see document		False	2012-09-10	ENCODE				1, 2							ENCFF001TDO, ENCFF215YYW, ENCFF383XWW, ENCFF772HIT	429111	ENCODE Processing Pipeline	552adbf4f3cb71bf7ca90692e963e8df		https://www.encodeproject.org/files/ENCFF088WYS/@@download/ENCFF088WYS.bed.gz	hg19			released	low read depth	biological replicates with identical biosample		
ENCFF001UEK	bed broadPeak	peaks	ENCSR000BSF	ChIP-seq	EFO:0002824	HCT116	immortalized cell line	adult	male	unknown	Homo sapiens					SP1-human	ENCAB000AKY	DNA		see document	see document		False	2012-09-10	ENCODE				1	1							173956	Richard Myers, HAIB	0c843494b37001167975cfba86984c97		https://www.encodeproject.org/files/ENCFF001UEK/@@download/ENCFF001UEK.bed.gz	hg19			released		missing derived_from, biological replicates with identical biosample		
ENCFF001UEL	bed broadPeak	peaks	ENCSR000BSF	ChIP-seq	EFO:0002824	HCT116	immortalized cell line	adult	male	unknown	Homo sapiens					SP1-human	ENCAB000AKY	DNA		see document	see document		False	2012-09-10	ENCODE				2	1							197995	Richard Myers, HAIB	977415ef0f6d0692c47a7a31b89ec7c7		https://www.encodeproject.org/files/ENCFF001UEL/@@download/ENCFF001UEL.bed.gz	hg19			released		missing derived_from, biological replicates with identical biosample		
ENCFF769NCM	bed narrowPeak	optimal idr thresholded peaks	ENCSR046HGP	ChIP-seq	EFO:0002824	HCT116	immortalized cell line	adult	male	unknown	Homo sapiens					EZH2-human	ENCAB913HCF, ENCAB350TQZ	DNA					False	2017-11-18	ENCODE				1, 2							ENCFF001TDO, ENCFF014MFB, ENCFF782VWT, ENCFF905USH	13732	ENCODE Processing Pipeline	81fa11809db03d52ce78b886f3c317fc		https://www.encodeproject.org/files/ENCFF769NCM/@@download/ENCFF769NCM.bed.gz	hg19			released	antibody characterized with exemption, mixed run types	experiment not submitted to GEO, NTR biosample		
ENCFF905USH	bed narrowPeak	peaks	ENCSR046HGP	ChIP-seq	EFO:0002824	HCT116	immortalized cell line	adult	male	unknown	Homo sapiens					EZH2-human	ENCAB913HCF, ENCAB350TQZ	DNA					False	2017-11-18	ENCODE				2							ENCFF098SJQ, ENCFF420OJT, ENCFF766AOQ	6730166	ENCODE Processing Pipeline	03fb4667c800aa7b1ecdb0abb28024de		https://www.encodeproject.org/files/ENCFF905USH/@@download/ENCFF905USH.bed.gz	hg19			released	antibody characterized with exemption, mixed run types	experiment not submitted to GEO, NTR biosample		
ENCFF014MFB	bed narrowPeak	peaks	ENCSR046HGP	ChIP-seq	EFO:0002824	HCT116	immortalized cell line	adult	male	unknown	Homo sapiens					EZH2-human	ENCAB913HCF, ENCAB350TQZ	DNA					False	2017-11-18	ENCODE				1, 2							ENCFF098SJQ, ENCFF394JPJ, ENCFF420OJT, ENCFF766AOQ	7110529	ENCODE Processing Pipeline	6931b17d7054f00997c3205bf782d909		https://www.encodeproject.org/files/ENCFF014MFB/@@download/ENCFF014MFB.bed.gz	hg19			released	antibody characterized with exemption, mixed run types	experiment not submitted to GEO, NTR biosample		
ENCFF505ABC	bed narrowPeak	conservative idr thresholded peaks	ENCSR046HGP	ChIP-seq	EFO:0002824	HCT116	immortalized cell line	adult	male	unknown	Homo sapiens					EZH2-human	ENCAB913HCF, ENCAB350TQZ	DNA					False	2017-11-18	ENCODE				1, 2							ENCFF001TDO, ENCFF014MFB, ENCFF782VWT, ENCFF905USH	13334	ENCODE Processing Pipeline	cfea17bb5d315ab1aa467991073139db		https://www.encodeproject.org/files/ENCFF505ABC/@@download/ENCFF505ABC.bed.gz	hg19			released	antibody characterized with exemption, mixed run types	experiment not submitted to GEO, NTR biosample		
ENCFF782VWT	bed narrowPeak	peaks	ENCSR046HGP	ChIP-seq	EFO:0002824	HCT116	immortalized cell line	adult	male	unknown	Homo sapiens					EZH2-human	ENCAB913HCF, ENCAB350TQZ	DNA					False	2017-11-18	ENCODE				1							ENCFF098SJQ, ENCFF394JPJ, ENCFF420OJT	6454259	ENCODE Processing Pipeline	519bf4937d6fa21d96d52ddd303d57db		https://www.encodeproject.org/files/ENCFF782VWT/@@download/ENCFF782VWT.bed.gz	hg19			released	antibody characterized with exemption, mixed run types	experiment not submitted to GEO, NTR biosample		
ENCFF428JCL	bed narrowPeak	peaks	ENCSR046HGP	ChIP-seq	EFO:0002824	HCT116	immortalized cell line	adult	male	unknown	Homo sapiens					EZH2-human	ENCAB913HCF, ENCAB350TQZ	DNA					False	2017-11-18	ENCODE				2							ENCFF064LQH, ENCFF889VIV, ENCFF991ZBF	6661246	ENCODE Processing Pipeline	28f3946769289deeaa96df608e89410c		https://www.encodeproject.org/files/ENCFF428JCL/@@download/ENCFF428JCL.bed.gz	GRCh38			released	antibody characterized with exemption, mixed run types	experiment not submitted to GEO, NTR biosample		
ENCFF901VIO	bed narrowPeak	peaks	ENCSR046HGP	ChIP-seq	EFO:0002824	HCT116	immortalized cell line	adult	male	unknown	Homo sapiens					EZH2-human	ENCAB913HCF, ENCAB350TQZ	DNA					False	2017-11-18	ENCODE				1							ENCFF064LQH, ENCFF065JMG, ENCFF889VIV	6449566	ENCODE Processing Pipeline	e45608ca6116e691cd6639cee8cdc676		https://www.encodeproject.org/files/ENCFF901VIO/@@download/ENCFF901VIO.bed.gz	GRCh38			released	antibody characterized with exemption, mixed run types	experiment not submitted to GEO, NTR biosample		
ENCFF520DDS	bed narrowPeak	peaks	ENCSR046HGP	ChIP-seq	EFO:0002824	HCT116	immortalized cell line	adult	male	unknown	Homo sapiens					EZH2-human	ENCAB913HCF, ENCAB350TQZ	DNA					False	2017-11-18	ENCODE				1, 2							ENCFF064LQH, ENCFF065JMG, ENCFF889VIV, ENCFF991ZBF	7104704	ENCODE Processing Pipeline	3f454d32f8a78a23f0b0e7dd9035a8da		https://www.encodeproject.org/files/ENCFF520DDS/@@download/ENCFF520DDS.bed.gz	GRCh38			released	antibody characterized with exemption, mixed run types	experiment not submitted to GEO, NTR biosample		
ENCFF806ESQ	bed narrowPeak	conservative idr thresholded peaks	ENCSR046HGP	ChIP-seq	EFO:0002824	HCT116	immortalized cell line	adult	male	unknown	Homo sapiens					EZH2-human	ENCAB913HCF, ENCAB350TQZ	DNA					False	2017-11-18	ENCODE				1, 2							ENCFF419RSJ, ENCFF428JCL, ENCFF520DDS, ENCFF901VIO	12491	ENCODE Processing Pipeline	71d055ed01082de7e4af5391958029ca		https://www.encodeproject.org/files/ENCFF806ESQ/@@download/ENCFF806ESQ.bed.gz	GRCh38			released	antibody characterized with exemption, mixed run types	experiment not submitted to GEO, NTR biosample		
ENCFF926EZW	bed narrowPeak	optimal idr thresholded peaks	ENCSR046HGP	ChIP-seq	EFO:0002824	HCT116	immortalized cell line	adult	male	unknown	Homo sapiens					EZH2-human	ENCAB913HCF, ENCAB350TQZ	DNA					False	2017-11-18	ENCODE				1, 2							ENCFF419RSJ, ENCFF428JCL, ENCFF520DDS, ENCFF901VIO	16459	ENCODE Processing Pipeline	83aa6aed62b7bff37777d76faaf7e80a		https://www.encodeproject.org/files/ENCFF926EZW/@@download/ENCFF926EZW.bed.gz	GRCh38			released	antibody characterized with exemption, mixed run types	experiment not submitted to GEO, NTR biosample		
ENCFF001UDW	bed broadPeak	peaks	ENCSR000BTE	ChIP-seq	EFO:0002824	HCT116	immortalized cell line	adult	male	unknown	Homo sapiens					FOSL1-human	ENCAB000AGJ	DNA		see document	see document		False	2012-09-10	ENCODE				1	1							169443	Richard Myers, HAIB	c5de02c4d1b4d8207070f89c3463ead4		https://www.encodeproject.org/files/ENCFF001UDW/@@download/ENCFF001UDW.bed.gz	hg19			released		missing derived_from, biological replicates with identical biosample		
ENCFF001UDX	bed broadPeak	peaks	ENCSR000BTE	ChIP-seq	EFO:0002824	HCT116	immortalized cell line	adult	male	unknown	Homo sapiens					FOSL1-human	ENCAB000AGJ	DNA		see document	see document		False	2012-09-10	ENCODE				2	1							276325	Richard Myers, HAIB	216894b5e74d853dea365eabafc5066f		https://www.encodeproject.org/files/ENCFF001UDX/@@download/ENCFF001UDX.bed.gz	hg19			released		missing derived_from, biological replicates with identical biosample		
ENCFF001UEM	bed broadPeak	peaks	ENCSR000BSC	ChIP-seq	EFO:0002824	HCT116	immortalized cell line	adult	male	unknown	Homo sapiens					SRF-human	ENCAB000ALE	DNA		see document	see document		False	2012-09-10	ENCODE				1	1							38682	Richard Myers, HAIB	c0ee5da37aa653536927f10cf36c681b		https://www.encodeproject.org/files/ENCFF001UEM/@@download/ENCFF001UEM.bed.gz	hg19			released		missing derived_from, biological replicates with identical biosample		
ENCFF001UEN	bed broadPeak	peaks	ENCSR000BSC	ChIP-seq	EFO:0002824	HCT116	immortalized cell line	adult	male	unknown	Homo sapiens					SRF-human	ENCAB000ALE	DNA		see document	see document		False	2012-09-10	ENCODE				2	1							40501	Richard Myers, HAIB	a4dca44daf7e46dd46b49f67803b970c		https://www.encodeproject.org/files/ENCFF001UEN/@@download/ENCFF001UEN.bed.gz	hg19			released		missing derived_from, biological replicates with identical biosample		
ENCFF001UEG	bed broadPeak	peaks	ENCSR000BSB	ChIP-seq	EFO:0002824	HCT116	immortalized cell line	adult	male	unknown	Homo sapiens					RAD21-human	ENCAB000AKG	DNA		see document	see document		False	2012-09-10	ENCODE				1	1							483074	Richard Myers, HAIB	97e05f4cf725c1b5ee1c6a0b13ef18aa		https://www.encodeproject.org/files/ENCFF001UEG/@@download/ENCFF001UEG.bed.gz	hg19			released		missing derived_from, biological replicates with identical biosample		
ENCFF001UEH	bed broadPeak	peaks	ENCSR000BSB	ChIP-seq	EFO:0002824	HCT116	immortalized cell line	adult	male	unknown	Homo sapiens					RAD21-human	ENCAB000AKG	DNA		see document	see document		False	2012-09-10	ENCODE				2	1							610639	Richard Myers, HAIB	24bf65a941f10b2c3c9fb25608be98ce		https://www.encodeproject.org/files/ENCFF001UEH/@@download/ENCFF001UEH.bed.gz	hg19			released		missing derived_from, biological replicates with identical biosample		
ENCFF001UDO	bed broadPeak	peaks	ENCSR000BSD	ChIP-seq	EFO:0002824	HCT116	immortalized cell line	adult	male	unknown	Homo sapiens					CEBPB-human	ENCAB000AFB	DNA		see document	see document		False	2012-09-10	ENCODE				1	1							104462	Richard Myers, HAIB	bc482c7f15e38ebcae2592d9211e1c30		https://www.encodeproject.org/files/ENCFF001UDO/@@download/ENCFF001UDO.bed.gz	hg19			released		missing derived_from, biological replicates with identical biosample		
ENCFF001UDP	bed broadPeak	peaks	ENCSR000BSD	ChIP-seq	EFO:0002824	HCT116	immortalized cell line	adult	male	unknown	Homo sapiens					CEBPB-human	ENCAB000AFB	DNA		see document	see document		False	2012-09-10	ENCODE				2	1							123245	Richard Myers, HAIB	5c531a9eae920aa3069f6eeb375bfa3d		https://www.encodeproject.org/files/ENCFF001UDP/@@download/ENCFF001UDP.bed.gz	hg19			released		missing derived_from, biological replicates with identical biosample		
ENCFF001UEQ	bed broadPeak	peaks	ENCSR000BVK	ChIP-seq	EFO:0002824	HCT116	immortalized cell line	adult	male	unknown	Homo sapiens					USF1-human	ENCAB000AMF	DNA		see document	see document		False	2012-09-10	ENCODE				1	1							67786	Richard Myers, HAIB	db36b31f580443a96fec96bccd9bb84e		https://www.encodeproject.org/files/ENCFF001UEQ/@@download/ENCFF001UEQ.bed.gz	hg19			released		missing derived_from, biological replicates with identical biosample		
ENCFF001UER	bed broadPeak	peaks	ENCSR000BVK	ChIP-seq	EFO:0002824	HCT116	immortalized cell line	adult	male	unknown	Homo sapiens					USF1-human	ENCAB000AMF	DNA		see document	see document		False	2012-09-10	ENCODE				2	1							121770	Richard Myers, HAIB	5a8908371f2e366a54f11e0c0376783d		https://www.encodeproject.org/files/ENCFF001UER/@@download/ENCFF001UER.bed.gz	hg19			released		missing derived_from, biological replicates with identical biosample		
ENCFF577LVA	bed narrowPeak	peaks	ENCSR429CLV	ChIP-seq	EFO:0002824	HCT116	immortalized cell line	adult	male	unknown	Homo sapiens					EZH2phosphoT487-human	ENCAB000BKV	DNA					False	2018-02-06	ENCODE				1							ENCFF064LQH, ENCFF667AGZ, ENCFF889VIV	6466751	ENCODE Processing Pipeline	db064ddb2cb8b30e03dfe0d8a341f46d		https://www.encodeproject.org/files/ENCFF577LVA/@@download/ENCFF577LVA.bed.gz	GRCh38			released	antibody characterized with exemption, borderline replicate concordance	experiment not submitted to GEO, NTR biosample		
ENCFF695ZBN	bed narrowPeak	peaks	ENCSR429CLV	ChIP-seq	EFO:0002824	HCT116	immortalized cell line	adult	male	unknown	Homo sapiens					EZH2phosphoT487-human	ENCAB000BKV	DNA					False	2018-02-06	ENCODE				1, 2							ENCFF064LQH, ENCFF260GTK, ENCFF667AGZ, ENCFF889VIV	7057777	ENCODE Processing Pipeline	94cbceadda549d315753cd3420551bad		https://www.encodeproject.org/files/ENCFF695ZBN/@@download/ENCFF695ZBN.bed.gz	GRCh38			released	antibody characterized with exemption, borderline replicate concordance	experiment not submitted to GEO, NTR biosample		
ENCFF050VHU	bed narrowPeak	peaks	ENCSR429CLV	ChIP-seq	EFO:0002824	HCT116	immortalized cell line	adult	male	unknown	Homo sapiens					EZH2phosphoT487-human	ENCAB000BKV	DNA					False	2018-02-06	ENCODE				2							ENCFF064LQH, ENCFF260GTK, ENCFF889VIV	6309803	ENCODE Processing Pipeline	9fbf9c0f1db646d27eb118082ae80eff		https://www.encodeproject.org/files/ENCFF050VHU/@@download/ENCFF050VHU.bed.gz	GRCh38			released	antibody characterized with exemption, borderline replicate concordance	experiment not submitted to GEO, NTR biosample		
ENCFF325ZGB	bed narrowPeak	optimal idr thresholded peaks	ENCSR429CLV	ChIP-seq	EFO:0002824	HCT116	immortalized cell line	adult	male	unknown	Homo sapiens					EZH2phosphoT487-human	ENCAB000BKV	DNA					False	2018-02-06	ENCODE				1, 2							ENCFF050VHU, ENCFF419RSJ, ENCFF577LVA, ENCFF695ZBN	8300	ENCODE Processing Pipeline	82e4d42cf4e15757634e6e62def779f8		https://www.encodeproject.org/files/ENCFF325ZGB/@@download/ENCFF325ZGB.bed.gz	GRCh38			released	antibody characterized with exemption, borderline replicate concordance	experiment not submitted to GEO, NTR biosample		
ENCFF692CDD	bed narrowPeak	peaks	ENCSR429CLV	ChIP-seq	EFO:0002824	HCT116	immortalized cell line	adult	male	unknown	Homo sapiens					EZH2phosphoT487-human	ENCAB000BKV	DNA					False	2018-02-06	ENCODE				2							ENCFF098SJQ, ENCFF420OJT, ENCFF933BWH	6267140	ENCODE Processing Pipeline	41225965f4413d81312d7cca6e546e21		https://www.encodeproject.org/files/ENCFF692CDD/@@download/ENCFF692CDD.bed.gz	hg19			released	antibody characterized with exemption, borderline replicate concordance	experiment not submitted to GEO, NTR biosample		
ENCFF734XYJ	bed narrowPeak	peaks	ENCSR429CLV	ChIP-seq	EFO:0002824	HCT116	immortalized cell line	adult	male	unknown	Homo sapiens					EZH2phosphoT487-human	ENCAB000BKV	DNA					False	2018-02-06	ENCODE				1							ENCFF098SJQ, ENCFF401DJS, ENCFF420OJT	6540954	ENCODE Processing Pipeline	fdb2f244a6d617aa57f75313327cd2e9		https://www.encodeproject.org/files/ENCFF734XYJ/@@download/ENCFF734XYJ.bed.gz	hg19			released	antibody characterized with exemption, borderline replicate concordance	experiment not submitted to GEO, NTR biosample		
ENCFF941MND	bed narrowPeak	peaks	ENCSR429CLV	ChIP-seq	EFO:0002824	HCT116	immortalized cell line	adult	male	unknown	Homo sapiens					EZH2phosphoT487-human	ENCAB000BKV	DNA					False	2018-02-06	ENCODE				1, 2							ENCFF098SJQ, ENCFF401DJS, ENCFF420OJT, ENCFF933BWH	7059413	ENCODE Processing Pipeline	e2adfc1444a33516ed8a51b2740b6e77		https://www.encodeproject.org/files/ENCFF941MND/@@download/ENCFF941MND.bed.gz	hg19			released	antibody characterized with exemption, borderline replicate concordance	experiment not submitted to GEO, NTR biosample		
ENCFF645LQG	bed narrowPeak	conservative idr thresholded peaks	ENCSR429CLV	ChIP-seq	EFO:0002824	HCT116	immortalized cell line	adult	male	unknown	Homo sapiens					EZH2phosphoT487-human	ENCAB000BKV	DNA					False	2018-02-06	ENCODE				1, 2							ENCFF001TDO, ENCFF692CDD, ENCFF734XYJ, ENCFF941MND	7673	ENCODE Processing Pipeline	d2ffeaad3dc878b7bd15771bb4d4e349		https://www.encodeproject.org/files/ENCFF645LQG/@@download/ENCFF645LQG.bed.gz	hg19			released	antibody characterized with exemption, borderline replicate concordance	experiment not submitted to GEO, NTR biosample		
ENCFF947SUP	bed narrowPeak	optimal idr thresholded peaks	ENCSR429CLV	ChIP-seq	EFO:0002824	HCT116	immortalized cell line	adult	male	unknown	Homo sapiens					EZH2phosphoT487-human	ENCAB000BKV	DNA					False	2018-02-06	ENCODE				1, 2							ENCFF001TDO, ENCFF692CDD, ENCFF734XYJ, ENCFF941MND	9304	ENCODE Processing Pipeline	6f5ef776604ae4ef6e6428c16abcc69a		https://www.encodeproject.org/files/ENCFF947SUP/@@download/ENCFF947SUP.bed.gz	hg19			released	antibody characterized with exemption, borderline replicate concordance	experiment not submitted to GEO, NTR biosample		
ENCFF001UEA	bed broadPeak	peaks	ENCSR000BSH	ChIP-seq	EFO:0002824	HCT116	immortalized cell line	adult	male	unknown	Homo sapiens					MAX-human	ENCAB000AIL	DNA		see document	see document		False	2012-09-10	ENCODE				1	1							127280	Richard Myers, HAIB	9590213a8176b627e605a4f76a97c52a		https://www.encodeproject.org/files/ENCFF001UEA/@@download/ENCFF001UEA.bed.gz	hg19			released		missing derived_from, biological replicates with identical biosample		
ENCFF001UEB	bed broadPeak	peaks	ENCSR000BSH	ChIP-seq	EFO:0002824	HCT116	immortalized cell line	adult	male	unknown	Homo sapiens					MAX-human	ENCAB000AIL	DNA		see document	see document		False	2012-09-10	ENCODE				2	1							170892	Richard Myers, HAIB	fdaa90fe23ebc63da59f47132adc48f6		https://www.encodeproject.org/files/ENCFF001UEB/@@download/ENCFF001UEB.bed.gz	hg19			released		missing derived_from, biological replicates with identical biosample		
ENCFF001UDS	bed broadPeak	peaks	ENCSR000BRZ	ChIP-seq	EFO:0002824	HCT116	immortalized cell line	adult	male	unknown	Homo sapiens					EGR1-human	ENCAB000ASX	DNA		see document	see document		False	2012-09-10	ENCODE				1	1							88864	Richard Myers, HAIB	ade3440bcf646f92e6e4a1d275259ebd		https://www.encodeproject.org/files/ENCFF001UDS/@@download/ENCFF001UDS.bed.gz	hg19			released		missing derived_from, biological replicates with identical biosample		
ENCFF001UDT	bed broadPeak	peaks	ENCSR000BRZ	ChIP-seq	EFO:0002824	HCT116	immortalized cell line	adult	male	unknown	Homo sapiens					EGR1-human	ENCAB000ASX	DNA		see document	see document		False	2012-09-10	ENCODE				2	1							69822	Richard Myers, HAIB	92b2a69ad0e7ebc764e8b2b7b9fc88fa		https://www.encodeproject.org/files/ENCFF001UDT/@@download/ENCFF001UDT.bed.gz	hg19			released		missing derived_from, biological replicates with identical biosample		
ENCFF001UDQ	bed broadPeak	peaks	ENCSR000BSE	ChIP-seq	EFO:0002824	HCT116	immortalized cell line	adult	male	unknown	Homo sapiens					CTCF-human	ENCAB000AFR	DNA		see document	see document		False	2012-09-10	ENCODE				1	1							253129	Richard Myers, HAIB	f367e0e8e82a283001ebbf2457ff4781		https://www.encodeproject.org/files/ENCFF001UDQ/@@download/ENCFF001UDQ.bed.gz	hg19			released	moderate library complexity, low read depth, mild to moderate bottlenecking, borderline replicate concordance	missing derived_from, missing unfiltered alignments, biological replicates with identical biosample	insufficient read depth	
ENCFF001UDR	bed broadPeak	peaks	ENCSR000BSE	ChIP-seq	EFO:0002824	HCT116	immortalized cell line	adult	male	unknown	Homo sapiens					CTCF-human	ENCAB000AFR	DNA		see document	see document		False	2012-09-10	ENCODE				2	1							506953	Richard Myers, HAIB	e3803729abcd5a5e5085a81671070ba8		https://www.encodeproject.org/files/ENCFF001UDR/@@download/ENCFF001UDR.bed.gz	hg19			released	moderate library complexity, low read depth, mild to moderate bottlenecking, borderline replicate concordance	missing derived_from, missing unfiltered alignments, biological replicates with identical biosample	insufficient read depth	
ENCFF214AAT	bed narrowPeak	peaks	ENCSR000BSE	ChIP-seq	EFO:0002824	HCT116	immortalized cell line	adult	male	unknown	Homo sapiens					CTCF-human	ENCAB000AFR	DNA		see document	see document		False	2012-09-10	ENCODE				2							ENCFF555MNQ, ENCFF622MSR	4828973	ENCODE Processing Pipeline	7493298ac1ae24dc05127a63c9198348		https://www.encodeproject.org/files/ENCFF214AAT/@@download/ENCFF214AAT.bed.gz	hg19			released	moderate library complexity, low read depth, mild to moderate bottlenecking, borderline replicate concordance	missing unfiltered alignments, biological replicates with identical biosample	insufficient read depth	
ENCFF154TPN	bed narrowPeak	peaks	ENCSR000BSE	ChIP-seq	EFO:0002824	HCT116	immortalized cell line	adult	male	unknown	Homo sapiens					CTCF-human	ENCAB000AFR	DNA		see document	see document		False	2012-09-10	ENCODE				2							ENCFF014MZL	4827891	ENCODE Processing Pipeline	c67327a40bfb164f2d32fe135df0ced3		https://www.encodeproject.org/files/ENCFF154TPN/@@download/ENCFF154TPN.bed.gz	GRCh38			released	moderate library complexity, low read depth, mild to moderate bottlenecking, borderline replicate concordance	missing unfiltered alignments, biological replicates with identical biosample	insufficient read depth	
ENCFF021NMZ	bed narrowPeak	peaks	ENCSR000BSE	ChIP-seq	EFO:0002824	HCT116	immortalized cell line	adult	male	unknown	Homo sapiens					CTCF-human	ENCAB000AFR	DNA		see document	see document		False	2012-09-10	ENCODE				1							ENCFF296CPJ, ENCFF831FMU	2565552	ENCODE Processing Pipeline	98f67bb8cf3d192bc3750f98903272a1		https://www.encodeproject.org/files/ENCFF021NMZ/@@download/ENCFF021NMZ.bed.gz	hg19			released	moderate library complexity, low read depth, mild to moderate bottlenecking, borderline replicate concordance	missing unfiltered alignments, biological replicates with identical biosample	insufficient read depth	
ENCFF971PWB	bed narrowPeak	peaks	ENCSR000BSE	ChIP-seq	EFO:0002824	HCT116	immortalized cell line	adult	male	unknown	Homo sapiens					CTCF-human	ENCAB000AFR	DNA		see document	see document		False	2012-09-10	ENCODE				1, 2							ENCFF296CPJ, ENCFF555MNQ, ENCFF622MSR, ENCFF831FMU	5247353	ENCODE Processing Pipeline	eda6345b12dd5704348f9d8ffc5485fb		https://www.encodeproject.org/files/ENCFF971PWB/@@download/ENCFF971PWB.bed.gz	hg19			released	moderate library complexity, low read depth, mild to moderate bottlenecking, borderline replicate concordance	missing unfiltered alignments, biological replicates with identical biosample	insufficient read depth	
ENCFF568STA	bed narrowPeak	peaks	ENCSR000BSE	ChIP-seq	EFO:0002824	HCT116	immortalized cell line	adult	male	unknown	Homo sapiens					CTCF-human	ENCAB000AFR	DNA		see document	see document		False	2012-09-10	ENCODE				1							ENCFF309AXU	2566184	ENCODE Processing Pipeline	a513dea1e4e6c6c9d3e8b0b4f32f9a68		https://www.encodeproject.org/files/ENCFF568STA/@@download/ENCFF568STA.bed.gz	GRCh38			released	moderate library complexity, low read depth, mild to moderate bottlenecking, borderline replicate concordance	missing unfiltered alignments, biological replicates with identical biosample	insufficient read depth	
ENCFF550EQQ	bed narrowPeak	peaks	ENCSR000BSE	ChIP-seq	EFO:0002824	HCT116	immortalized cell line	adult	male	unknown	Homo sapiens					CTCF-human	ENCAB000AFR	DNA		see document	see document		False	2012-09-10	ENCODE				1, 2							ENCFF014MZL, ENCFF309AXU	5204446	ENCODE Processing Pipeline	9ed3741025efcd0c2d2156912177cf1c		https://www.encodeproject.org/files/ENCFF550EQQ/@@download/ENCFF550EQQ.bed.gz	GRCh38			released	moderate library complexity, low read depth, mild to moderate bottlenecking, borderline replicate concordance	missing unfiltered alignments, biological replicates with identical biosample	insufficient read depth	
ENCFF056ESE	bed narrowPeak	conservative idr thresholded peaks	ENCSR000BSE	ChIP-seq	EFO:0002824	HCT116	immortalized cell line	adult	male	unknown	Homo sapiens					CTCF-human	ENCAB000AFR	DNA		see document	see document		False	2012-09-10	ENCODE				1, 2							ENCFF154TPN, ENCFF419RSJ, ENCFF550EQQ, ENCFF568STA	510872	ENCODE Processing Pipeline	c8afb24f1412c9792e2a5c8a7525c54a		https://www.encodeproject.org/files/ENCFF056ESE/@@download/ENCFF056ESE.bed.gz	GRCh38			released	moderate library complexity, low read depth, mild to moderate bottlenecking, borderline replicate concordance	missing unfiltered alignments, biological replicates with identical biosample	insufficient read depth	
ENCFF025JZZ	bed narrowPeak	conservative idr thresholded peaks	ENCSR000BSE	ChIP-seq	EFO:0002824	HCT116	immortalized cell line	adult	male	unknown	Homo sapiens					CTCF-human	ENCAB000AFR	DNA		see document	see document		False	2012-09-10	ENCODE				1, 2							ENCFF001TDO, ENCFF021NMZ, ENCFF214AAT, ENCFF971PWB	511023	ENCODE Processing Pipeline	e8fac38b6ad6643f1a5b4c272eef0abf		https://www.encodeproject.org/files/ENCFF025JZZ/@@download/ENCFF025JZZ.bed.gz	hg19			released	moderate library complexity, low read depth, mild to moderate bottlenecking, borderline replicate concordance	missing unfiltered alignments, biological replicates with identical biosample	insufficient read depth	
ENCFF549PGC	bed narrowPeak	optimal idr thresholded peaks	ENCSR000BSE	ChIP-seq	EFO:0002824	HCT116	immortalized cell line	adult	male	unknown	Homo sapiens					CTCF-human	ENCAB000AFR	DNA		see document	see document		False	2012-09-10	ENCODE				1, 2							ENCFF154TPN, ENCFF419RSJ, ENCFF550EQQ, ENCFF568STA	598467	ENCODE Processing Pipeline	713f58a6497a9168a326123919672ebe		https://www.encodeproject.org/files/ENCFF549PGC/@@download/ENCFF549PGC.bed.gz	GRCh38			released	moderate library complexity, low read depth, mild to moderate bottlenecking, borderline replicate concordance	missing unfiltered alignments, biological replicates with identical biosample	insufficient read depth	
ENCFF917ZPO	bed narrowPeak	optimal idr thresholded peaks	ENCSR000BSE	ChIP-seq	EFO:0002824	HCT116	immortalized cell line	adult	male	unknown	Homo sapiens					CTCF-human	ENCAB000AFR	DNA		see document	see document		False	2012-09-10	ENCODE				1, 2							ENCFF001TDO, ENCFF021NMZ, ENCFF214AAT, ENCFF971PWB	602672	ENCODE Processing Pipeline	eb204541dbdac5aa54d530917f198a18		https://www.encodeproject.org/files/ENCFF917ZPO/@@download/ENCFF917ZPO.bed.gz	hg19			released	moderate library complexity, low read depth, mild to moderate bottlenecking, borderline replicate concordance	missing unfiltered alignments, biological replicates with identical biosample	insufficient read depth	
ENCFF001UEI	bed broadPeak	peaks	ENCSR000BSG	ChIP-seq	EFO:0002824	HCT116	immortalized cell line	adult	male	unknown	Homo sapiens					SIN3A-human	ENCAB000AKS	DNA		see document	see document		False	2012-09-10	ENCODE				1	1							34668	Richard Myers, HAIB	0576caf6e9d5c882f6c5d1adc1397a16		https://www.encodeproject.org/files/ENCFF001UEI/@@download/ENCFF001UEI.bed.gz	hg19			released		missing derived_from, biological replicates with identical biosample		
ENCFF001UEJ	bed broadPeak	peaks	ENCSR000BSG	ChIP-seq	EFO:0002824	HCT116	immortalized cell line	adult	male	unknown	Homo sapiens					SIN3A-human	ENCAB000AKS	DNA		see document	see document		False	2012-09-10	ENCODE				2	1							41716	Richard Myers, HAIB	7dd94af61628fa3fc1c07ce288e8a195		https://www.encodeproject.org/files/ENCFF001UEJ/@@download/ENCFF001UEJ.bed.gz	hg19			released		missing derived_from, biological replicates with identical biosample		
ENCFF001UEO	bed broadPeak	peaks	ENCSR000BVJ	ChIP-seq	EFO:0002824	HCT116	immortalized cell line	adult	male	unknown	Homo sapiens					TEAD4-human	ENCAB000ALW	DNA		see document	see document		False	2012-09-10	ENCODE				1	1							43589	Richard Myers, HAIB	6ebcda1ab5ddfa8c2362d56cbe91649f		https://www.encodeproject.org/files/ENCFF001UEO/@@download/ENCFF001UEO.bed.gz	hg19			released		missing derived_from, biological replicates with identical biosample		
ENCFF001UEP	bed broadPeak	peaks	ENCSR000BVJ	ChIP-seq	EFO:0002824	HCT116	immortalized cell line	adult	male	unknown	Homo sapiens					TEAD4-human	ENCAB000ALW	DNA		see document	see document		False	2012-09-10	ENCODE				2	1							36332	Richard Myers, HAIB	5e5a2fa33f4191cd904b716b3679e7d3		https://www.encodeproject.org/files/ENCFF001UEP/@@download/ENCFF001UEP.bed.gz	hg19			released		missing derived_from, biological replicates with identical biosample		
ENCFF856YAY	bed narrowPeak	peaks	ENCSR240PRQ	ChIP-seq	EFO:0002824	HCT116	immortalized cell line	adult	male	unknown	Homo sapiens					CTCF-human	ENCAB000AXX	DNA		see document	see document		False	2017-10-19	ENCODE				1							ENCFF064LQH, ENCFF666QHO, ENCFF889VIV	5982622	ENCODE Processing Pipeline	5f8d30832faf08845a6787bad3717bc8		https://www.encodeproject.org/files/ENCFF856YAY/@@download/ENCFF856YAY.bed.gz	GRCh38			released	mixed read lengths, antibody characterized with exemption, low read length, mixed run types	experiment not submitted to GEO, NTR biosample		
ENCFF918PJO	bed narrowPeak	peaks	ENCSR240PRQ	ChIP-seq	EFO:0002824	HCT116	immortalized cell line	adult	male	unknown	Homo sapiens					CTCF-human	ENCAB000AXX	DNA		see document	see document		False	2017-10-19	ENCODE				1, 2							ENCFF064LQH, ENCFF666QHO, ENCFF889VIV, ENCFF906RFX	6432587	ENCODE Processing Pipeline	566d66e9039fbe7ed9eb3f6abb331d39		https://www.encodeproject.org/files/ENCFF918PJO/@@download/ENCFF918PJO.bed.gz	GRCh38			released	mixed read lengths, antibody characterized with exemption, low read length, mixed run types	experiment not submitted to GEO, NTR biosample		
ENCFF417KAW	bed narrowPeak	peaks	ENCSR240PRQ	ChIP-seq	EFO:0002824	HCT116	immortalized cell line	adult	male	unknown	Homo sapiens					CTCF-human	ENCAB000AXX	DNA		see document	see document		False	2017-10-19	ENCODE				1							ENCFF098SJQ, ENCFF420OJT, ENCFF467JND	6003450	ENCODE Processing Pipeline	682c4829a61fc9d745876d973a2cc3cf		https://www.encodeproject.org/files/ENCFF417KAW/@@download/ENCFF417KAW.bed.gz	hg19			released	mixed read lengths, antibody characterized with exemption, low read length, mixed run types	experiment not submitted to GEO, NTR biosample		
ENCFF963ROK	bed narrowPeak	peaks	ENCSR240PRQ	ChIP-seq	EFO:0002824	HCT116	immortalized cell line	adult	male	unknown	Homo sapiens					CTCF-human	ENCAB000AXX	DNA		see document	see document		False	2017-10-19	ENCODE				1, 2							ENCFF098SJQ, ENCFF420OJT, ENCFF467JND, ENCFF730MQF	6441232	ENCODE Processing Pipeline	f0f456d135a252dd0ac373896cf8953d		https://www.encodeproject.org/files/ENCFF963ROK/@@download/ENCFF963ROK.bed.gz	hg19			released	mixed read lengths, antibody characterized with exemption, low read length, mixed run types	experiment not submitted to GEO, NTR biosample		
ENCFF518MQA	bed narrowPeak	optimal idr thresholded peaks	ENCSR240PRQ	ChIP-seq	EFO:0002824	HCT116	immortalized cell line	adult	male	unknown	Homo sapiens					CTCF-human	ENCAB000AXX	DNA		see document	see document		False	2017-10-19	ENCODE				1, 2							ENCFF419RSJ, ENCFF765CSV, ENCFF856YAY, ENCFF918PJO	971157	ENCODE Processing Pipeline	bb1e889759e59dfd428c4dc4cfdf2739		https://www.encodeproject.org/files/ENCFF518MQA/@@download/ENCFF518MQA.bed.gz	GRCh38			released	mixed read lengths, antibody characterized with exemption, low read length, mixed run types	experiment not submitted to GEO, NTR biosample		
ENCFF765CSV	bed narrowPeak	peaks	ENCSR240PRQ	ChIP-seq	EFO:0002824	HCT116	immortalized cell line	adult	male	unknown	Homo sapiens					CTCF-human	ENCAB000AXX	DNA		see document	see document		False	2017-10-19	ENCODE				2							ENCFF064LQH, ENCFF889VIV, ENCFF906RFX	5793993	ENCODE Processing Pipeline	80d8af617ef03bcf90f1e404c333325b		https://www.encodeproject.org/files/ENCFF765CSV/@@download/ENCFF765CSV.bed.gz	GRCh38			released	mixed read lengths, antibody characterized with exemption, low read length, mixed run types	experiment not submitted to GEO, NTR biosample		
ENCFF222WLA	bed narrowPeak	peaks	ENCSR240PRQ	ChIP-seq	EFO:0002824	HCT116	immortalized cell line	adult	male	unknown	Homo sapiens					CTCF-human	ENCAB000AXX	DNA		see document	see document		False	2017-10-19	ENCODE				2							ENCFF098SJQ, ENCFF420OJT, ENCFF730MQF	5831402	ENCODE Processing Pipeline	292a33d074157fe9cb5d3ea74e13f18b		https://www.encodeproject.org/files/ENCFF222WLA/@@download/ENCFF222WLA.bed.gz	hg19			released	mixed read lengths, antibody characterized with exemption, low read length, mixed run types	experiment not submitted to GEO, NTR biosample		
ENCFF418WAW	bed narrowPeak	optimal idr thresholded peaks	ENCSR240PRQ	ChIP-seq	EFO:0002824	HCT116	immortalized cell line	adult	male	unknown	Homo sapiens					CTCF-human	ENCAB000AXX	DNA		see document	see document		False	2017-10-19	ENCODE				1, 2							ENCFF001TDO, ENCFF222WLA, ENCFF417KAW, ENCFF963ROK	969434	ENCODE Processing Pipeline	3056834266bad8a9c6e898a1b1c33d74		https://www.encodeproject.org/files/ENCFF418WAW/@@download/ENCFF418WAW.bed.gz	hg19			released	mixed read lengths, antibody characterized with exemption, low read length, mixed run types	experiment not submitted to GEO, NTR biosample		
ENCFF001UDK	bed broadPeak	peaks	ENCSR000BUG	ChIP-seq	EFO:0002824	HCT116	immortalized cell line	adult	male	unknown	Homo sapiens					ATF3-human	ENCAB000ADZ	DNA		see document	see document		False	2012-09-10	ENCODE				1	1							18065	Richard Myers, HAIB	596b750ffb29d77d3271245c1a9bd6a8		https://www.encodeproject.org/files/ENCFF001UDK/@@download/ENCFF001UDK.bed.gz	hg19			released		missing derived_from, biological replicates with identical biosample		
ENCFF001UDL	bed broadPeak	peaks	ENCSR000BUG	ChIP-seq	EFO:0002824	HCT116	immortalized cell line	adult	male	unknown	Homo sapiens					ATF3-human	ENCAB000ADZ	DNA		see document	see document		False	2012-09-10	ENCODE				2	1							20130	Richard Myers, HAIB	51f47acbc86d0664c45078f81dd7ebd0		https://www.encodeproject.org/files/ENCFF001UDL/@@download/ENCFF001UDL.bed.gz	hg19			released		missing derived_from, biological replicates with identical biosample		
ENCFF001UDM	bed broadPeak	peaks	ENCSR000BUH	ChIP-seq	EFO:0002824	HCT116	immortalized cell line	adult	male	unknown	Homo sapiens					CBX3-human	ENCAB000AEW	DNA		see document	see document		False	2012-09-10	ENCODE				1	1							74273	Richard Myers, HAIB	f1d8f23563ee2e07e7fe47cd5311d52c		https://www.encodeproject.org/files/ENCFF001UDM/@@download/ENCFF001UDM.bed.gz	hg19			released		missing derived_from, biological replicates with identical biosample		
ENCFF001UDN	bed broadPeak	peaks	ENCSR000BUH	ChIP-seq	EFO:0002824	HCT116	immortalized cell line	adult	male	unknown	Homo sapiens					CBX3-human	ENCAB000AEW	DNA		see document	see document		False	2012-09-10	ENCODE				2	1							160701	Richard Myers, HAIB	bbab60776ef5ecb1c2c41e3d86110204		https://www.encodeproject.org/files/ENCFF001UDN/@@download/ENCFF001UDN.bed.gz	hg19			released		missing derived_from, biological replicates with identical biosample		
ENCFF001XQJ	bed broadPeak	hotspots	ENCSR000DTO	ChIP-seq	EFO:0002824	HCT116	immortalized cell line	adult	male	unknown	Homo sapiens					CTCF-human	ENCAB000AFP	DNA		see document	see document		False	2012-01-17	ENCODE				1							ENCFF001HLP	2366306	John Stamatoyannopoulos, UW	89e7779cfa538ecc8d9fdafcbd47784b		https://www.encodeproject.org/files/ENCFF001XQJ/@@download/ENCFF001XQJ.bed.gz	hg19			archived	control low read depth, low read length, low read depth			
ENCFF001XQK	bed broadPeak	hotspots	ENCSR000DTO	ChIP-seq	EFO:0002824	HCT116	immortalized cell line	adult	male	unknown	Homo sapiens					CTCF-human	ENCAB000AFP	DNA		see document	see document		False	2012-01-17	ENCODE				2							ENCFF001HLO	2241001	John Stamatoyannopoulos, UW	f76ecdb679ca6134c0508b2085dfe7d7		https://www.encodeproject.org/files/ENCFF001XQK/@@download/ENCFF001XQK.bed.gz	hg19			archived	control low read depth, low read length, low read depth			
ENCFF001XQL	bed narrowPeak	peaks	ENCSR000DTO	ChIP-seq	EFO:0002824	HCT116	immortalized cell line	adult	male	unknown	Homo sapiens					CTCF-human	ENCAB000AFP	DNA		see document	see document		False	2012-01-17	ENCODE				1							ENCFF001HLP	772867	John Stamatoyannopoulos, UW	faa325fa72bc1c6e7f185585149f625a		https://www.encodeproject.org/files/ENCFF001XQL/@@download/ENCFF001XQL.bed.gz	hg19			archived	control low read depth, low read length, low read depth			
ENCFF001XQM	bed narrowPeak	peaks	ENCSR000DTO	ChIP-seq	EFO:0002824	HCT116	immortalized cell line	adult	male	unknown	Homo sapiens					CTCF-human	ENCAB000AFP	DNA		see document	see document		False	2012-01-17	ENCODE				2							ENCFF001HLO	632186	John Stamatoyannopoulos, UW	2d732a8daebf71f3cd527787a2327939		https://www.encodeproject.org/files/ENCFF001XQM/@@download/ENCFF001XQM.bed.gz	hg19			archived	control low read depth, low read length, low read depth			
ENCFF002DCT	bed narrowPeak	optimal idr thresholded peaks	ENCSR000DTO	ChIP-seq	EFO:0002824	HCT116	immortalized cell line	adult	male	unknown	Homo sapiens					CTCF-human	ENCAB000AFP	DNA		see document	see document		False	2012-01-17	ENCODE				1, 2							ENCFF001HLO, ENCFF001HLP	1029268	ENCODE Consortium Analysis Working Group	ac9c4f461d11122b8f3cf90373558794		https://www.encodeproject.org/files/ENCFF002DCT/@@download/ENCFF002DCT.bed.gz	hg19			archived	control low read depth, low read length, low read depth			
ENCFF988DJT	bed narrowPeak	peaks	ENCSR000DTO	ChIP-seq	EFO:0002824	HCT116	immortalized cell line	adult	male	unknown	Homo sapiens					CTCF-human	ENCAB000AFP	DNA		see document	see document		False	2012-01-17	ENCODE				1							ENCFF052OHY, ENCFF289VTR	4046478	ENCODE Processing Pipeline	841040790c05ee2cf51325df54a9716d		https://www.encodeproject.org/files/ENCFF988DJT/@@download/ENCFF988DJT.bed.gz	hg19			released	control low read depth, low read length, low read depth			
ENCFF944AQH	bed narrowPeak	peaks	ENCSR000DTO	ChIP-seq	EFO:0002824	HCT116	immortalized cell line	adult	male	unknown	Homo sapiens					CTCF-human	ENCAB000AFP	DNA		see document	see document		False	2012-01-17	ENCODE				2							ENCFF040CVQ, ENCFF648CAE	4020175	ENCODE Processing Pipeline	c96dc8eea9b757d5cae3d21a28fa7dca		https://www.encodeproject.org/files/ENCFF944AQH/@@download/ENCFF944AQH.bed.gz	GRCh38			released	control low read depth, low read length, low read depth			
ENCFF876YXB	bed narrowPeak	peaks	ENCSR000DTO	ChIP-seq	EFO:0002824	HCT116	immortalized cell line	adult	male	unknown	Homo sapiens					CTCF-human	ENCAB000AFP	DNA		see document	see document		False	2012-01-17	ENCODE				1, 2							ENCFF040CVQ, ENCFF091ODJ, ENCFF648CAE	4546295	ENCODE Processing Pipeline	ded847c822ff7c6864c5688daec90ac3		https://www.encodeproject.org/files/ENCFF876YXB/@@download/ENCFF876YXB.bed.gz	GRCh38			released	control low read depth, low read length, low read depth			
ENCFF562WIV	bed narrowPeak	peaks	ENCSR000DTO	ChIP-seq	EFO:0002824	HCT116	immortalized cell line	adult	male	unknown	Homo sapiens					CTCF-human	ENCAB000AFP	DNA		see document	see document		False	2012-01-17	ENCODE				1							ENCFF040CVQ, ENCFF091ODJ	4047805	ENCODE Processing Pipeline	267f403d145584009bf62408238541f1		https://www.encodeproject.org/files/ENCFF562WIV/@@download/ENCFF562WIV.bed.gz	GRCh38			released	control low read depth, low read length, low read depth			
ENCFF655DUF	bed narrowPeak	peaks	ENCSR000DTO	ChIP-seq	EFO:0002824	HCT116	immortalized cell line	adult	male	unknown	Homo sapiens					CTCF-human	ENCAB000AFP	DNA		see document	see document		False	2012-01-17	ENCODE				2							ENCFF052OHY, ENCFF322EWR	4031483	ENCODE Processing Pipeline	30d8f79a3f78539e4dad8986a315e5c9		https://www.encodeproject.org/files/ENCFF655DUF/@@download/ENCFF655DUF.bed.gz	hg19			released	control low read depth, low read length, low read depth			
ENCFF498JUY	bed narrowPeak	peaks	ENCSR000DTO	ChIP-seq	EFO:0002824	HCT116	immortalized cell line	adult	male	unknown	Homo sapiens					CTCF-human	ENCAB000AFP	DNA		see document	see document		False	2012-01-17	ENCODE				1, 2							ENCFF052OHY, ENCFF289VTR, ENCFF322EWR	4555950	ENCODE Processing Pipeline	71c416cbbf2a5f52bcc1994130c58e78		https://www.encodeproject.org/files/ENCFF498JUY/@@download/ENCFF498JUY.bed.gz	hg19			released	control low read depth, low read length, low read depth			
ENCFF850PKJ	bed narrowPeak	conservative idr thresholded peaks	ENCSR000DTO	ChIP-seq	EFO:0002824	HCT116	immortalized cell line	adult	male	unknown	Homo sapiens					CTCF-human	ENCAB000AFP	DNA		see document	see document		False	2012-01-17	ENCODE				1, 2							ENCFF419RSJ, ENCFF562WIV, ENCFF876YXB, ENCFF944AQH	772741	ENCODE Processing Pipeline	1d4b95f2d38eefc52d274a5c1115bc57		https://www.encodeproject.org/files/ENCFF850PKJ/@@download/ENCFF850PKJ.bed.gz	GRCh38			released	control low read depth, low read length, low read depth			
ENCFF171SNH	bed narrowPeak	optimal idr thresholded peaks	ENCSR000DTO	ChIP-seq	EFO:0002824	HCT116	immortalized cell line	adult	male	unknown	Homo sapiens					CTCF-human	ENCAB000AFP	DNA		see document	see document		False	2012-01-17	ENCODE				1, 2							ENCFF419RSJ, ENCFF562WIV, ENCFF876YXB, ENCFF944AQH	812792	ENCODE Processing Pipeline	7c30b0282011df4c684ff487beab76bc		https://www.encodeproject.org/files/ENCFF171SNH/@@download/ENCFF171SNH.bed.gz	GRCh38			released	control low read depth, low read length, low read depth			
ENCFF340EDA	bed narrowPeak	conservative idr thresholded peaks	ENCSR000DTO	ChIP-seq	EFO:0002824	HCT116	immortalized cell line	adult	male	unknown	Homo sapiens					CTCF-human	ENCAB000AFP	DNA		see document	see document		False	2012-01-17	ENCODE				1, 2							ENCFF001TDO, ENCFF498JUY, ENCFF655DUF, ENCFF988DJT	770606	ENCODE Processing Pipeline	997d517b720ea367ed6fbaab5860bc7e		https://www.encodeproject.org/files/ENCFF340EDA/@@download/ENCFF340EDA.bed.gz	hg19			released	control low read depth, low read length, low read depth			
ENCFF364QXM	bed narrowPeak	optimal idr thresholded peaks	ENCSR000DTO	ChIP-seq	EFO:0002824	HCT116	immortalized cell line	adult	male	unknown	Homo sapiens					CTCF-human	ENCAB000AFP	DNA		see document	see document		False	2012-01-17	ENCODE				1, 2							ENCFF001TDO, ENCFF498JUY, ENCFF655DUF, ENCFF988DJT	813755	ENCODE Processing Pipeline	28ab0b38761553ef323901ac055b31f4		https://www.encodeproject.org/files/ENCFF364QXM/@@download/ENCFF364QXM.bed.gz	hg19			released	control low read depth, low read length, low read depth			
ENCFF001UEC	bed broadPeak	peaks	ENCSR000BVI	ChIP-seq	EFO:0002824	HCT116	immortalized cell line	adult	male	unknown	Homo sapiens					REST-human	ENCAB000AJK	DNA		see document	see document		False	2012-09-10	ENCODE				1	1							47451	Richard Myers, HAIB	0f71cf442a0a7578ceacedeb894e8fb9		https://www.encodeproject.org/files/ENCFF001UEC/@@download/ENCFF001UEC.bed.gz	hg19			released		missing derived_from, biological replicates with identical biosample		
ENCFF001UED	bed broadPeak	peaks	ENCSR000BVI	ChIP-seq	EFO:0002824	HCT116	immortalized cell line	adult	male	unknown	Homo sapiens					REST-human	ENCAB000AJK	DNA		see document	see document		False	2012-09-10	ENCODE				2	1							56352	Richard Myers, HAIB	8f5e07dca40500bb19c5dac5f285fe6e		https://www.encodeproject.org/files/ENCFF001UED/@@download/ENCFF001UED.bed.gz	hg19			released		missing derived_from, biological replicates with identical biosample		
ENCFF001UEE	bed broadPeak	peaks	ENCSR000BML	ChIP-seq	EFO:0002824	HCT116	immortalized cell line	adult	male	unknown	Homo sapiens					POLR2AphosphoS5-human	ENCAB000AOD	DNA		see document	see document		False	2011-07-18	ENCODE				1	1							564962	Richard Myers, HAIB	a72b31a9a8dd79e8f5c52c078e3fe626		https://www.encodeproject.org/files/ENCFF001UEE/@@download/ENCFF001UEE.bed.gz	hg19			archived	moderate library complexity, low read length, low read depth, mild to moderate bottlenecking	missing derived_from, biological replicates with identical biosample		
ENCFF001UEF	bed broadPeak	peaks	ENCSR000BML	ChIP-seq	EFO:0002824	HCT116	immortalized cell line	adult	male	unknown	Homo sapiens					POLR2AphosphoS5-human	ENCAB000AOD	DNA		see document	see document		False	2011-07-18	ENCODE				2	1							689417	Richard Myers, HAIB	d70c78fd472cfd1a1fd3f117ed48ed37		https://www.encodeproject.org/files/ENCFF001UEF/@@download/ENCFF001UEF.bed.gz	hg19			archived	moderate library complexity, low read length, low read depth, mild to moderate bottlenecking	missing derived_from, biological replicates with identical biosample		
ENCFF002CJU	bed narrowPeak	optimal idr thresholded peaks	ENCSR000BML	ChIP-seq	EFO:0002824	HCT116	immortalized cell line	adult	male	unknown	Homo sapiens					POLR2AphosphoS5-human	ENCAB000AOD	DNA		see document	see document		False	2011-07-18	ENCODE												591744	ENCODE Consortium Analysis Working Group	a43279815d0173f798277e643247cfaa		https://www.encodeproject.org/files/ENCFF002CJU/@@download/ENCFF002CJU.bed.gz	hg19			archived	moderate library complexity, low read length, low read depth, mild to moderate bottlenecking	missing derived_from, biological replicates with identical biosample		
ENCFF580JQM	bed narrowPeak	peaks	ENCSR000BML	ChIP-seq	EFO:0002824	HCT116	immortalized cell line	adult	male	unknown	Homo sapiens					POLR2AphosphoS5-human	ENCAB000AOD	DNA		see document	see document		False	2011-07-18	ENCODE				2							ENCFF280GWX, ENCFF752STA	6363255	ENCODE Processing Pipeline	172a6fe8a42f6c0180258fcc629881ae		https://www.encodeproject.org/files/ENCFF580JQM/@@download/ENCFF580JQM.bed.gz	hg19			released	moderate library complexity, low read length, low read depth, mild to moderate bottlenecking	biological replicates with identical biosample		
ENCFF617QEN	bed narrowPeak	optimal idr thresholded peaks	ENCSR000BML	ChIP-seq	EFO:0002824	HCT116	immortalized cell line	adult	male	unknown	Homo sapiens					POLR2AphosphoS5-human	ENCAB000AOD	DNA		see document	see document		False	2011-07-18	ENCODE				1, 2							ENCFF001TDO, ENCFF039LAR, ENCFF178TUV, ENCFF580JQM	723136	ENCODE Processing Pipeline	8834aef0c99b7b03604db5c1a08ed75c		https://www.encodeproject.org/files/ENCFF617QEN/@@download/ENCFF617QEN.bed.gz	hg19			released	moderate library complexity, low read length, low read depth, mild to moderate bottlenecking	biological replicates with identical biosample		
ENCFF039LAR	bed narrowPeak	peaks	ENCSR000BML	ChIP-seq	EFO:0002824	HCT116	immortalized cell line	adult	male	unknown	Homo sapiens					POLR2AphosphoS5-human	ENCAB000AOD	DNA		see document	see document		False	2011-07-18	ENCODE				1							ENCFF280GWX, ENCFF704WFR	5860686	ENCODE Processing Pipeline	b657c99a66af8fc4b0ec8c9b3eace9e9		https://www.encodeproject.org/files/ENCFF039LAR/@@download/ENCFF039LAR.bed.gz	hg19			released	moderate library complexity, low read length, low read depth, mild to moderate bottlenecking	biological replicates with identical biosample		
ENCFF178TUV	bed narrowPeak	peaks	ENCSR000BML	ChIP-seq	EFO:0002824	HCT116	immortalized cell line	adult	male	unknown	Homo sapiens					POLR2AphosphoS5-human	ENCAB000AOD	DNA		see document	see document		False	2011-07-18	ENCODE				1, 2							ENCFF280GWX, ENCFF704WFR, ENCFF752STA	7035140	ENCODE Processing Pipeline	cbda43ccc69d6f09f485387070ff7d37		https://www.encodeproject.org/files/ENCFF178TUV/@@download/ENCFF178TUV.bed.gz	hg19			released	moderate library complexity, low read length, low read depth, mild to moderate bottlenecking	biological replicates with identical biosample		
ENCFF161PUF	bed narrowPeak	conservative idr thresholded peaks	ENCSR000BML	ChIP-seq	EFO:0002824	HCT116	immortalized cell line	adult	male	unknown	Homo sapiens					POLR2AphosphoS5-human	ENCAB000AOD	DNA		see document	see document		False	2011-07-18	ENCODE				1, 2							ENCFF001TDO, ENCFF039LAR, ENCFF178TUV, ENCFF580JQM	672547	ENCODE Processing Pipeline	03e43a27ba84d2a3fa3b9e4de73f7a51		https://www.encodeproject.org/files/ENCFF161PUF/@@download/ENCFF161PUF.bed.gz	hg19			released	moderate library complexity, low read length, low read depth, mild to moderate bottlenecking	biological replicates with identical biosample		
ENCFF697WEI	bed narrowPeak	peaks	ENCSR000BML	ChIP-seq	EFO:0002824	HCT116	immortalized cell line	adult	male	unknown	Homo sapiens					POLR2AphosphoS5-human	ENCAB000AOD	DNA		see document	see document		False	2011-07-18	ENCODE				1, 2							ENCFF472QNP, ENCFF701ALM, ENCFF769ESE	7013879	ENCODE Processing Pipeline	bf69af55bf8f5ef3fcbb6b66e5b9f335		https://www.encodeproject.org/files/ENCFF697WEI/@@download/ENCFF697WEI.bed.gz	GRCh38			released	moderate library complexity, low read length, low read depth, mild to moderate bottlenecking	biological replicates with identical biosample		
ENCFF934KIL	bed narrowPeak	conservative idr thresholded peaks	ENCSR000BML	ChIP-seq	EFO:0002824	HCT116	immortalized cell line	adult	male	unknown	Homo sapiens					POLR2AphosphoS5-human	ENCAB000AOD	DNA		see document	see document		False	2011-07-18	ENCODE				1, 2							ENCFF041OWP, ENCFF419RSJ, ENCFF697WEI, ENCFF753VRR	670716	ENCODE Processing Pipeline	25a92f9156f786aa4bcfda8c234e9316		https://www.encodeproject.org/files/ENCFF934KIL/@@download/ENCFF934KIL.bed.gz	GRCh38			released	moderate library complexity, low read length, low read depth, mild to moderate bottlenecking	biological replicates with identical biosample		
ENCFF753VRR	bed narrowPeak	peaks	ENCSR000BML	ChIP-seq	EFO:0002824	HCT116	immortalized cell line	adult	male	unknown	Homo sapiens					POLR2AphosphoS5-human	ENCAB000AOD	DNA		see document	see document		False	2011-07-18	ENCODE				2							ENCFF472QNP, ENCFF769ESE	6378371	ENCODE Processing Pipeline	d005e552f596e9726e4985f15a0c6ac2		https://www.encodeproject.org/files/ENCFF753VRR/@@download/ENCFF753VRR.bed.gz	GRCh38			released	moderate library complexity, low read length, low read depth, mild to moderate bottlenecking	biological replicates with identical biosample		
ENCFF910KOG	bed narrowPeak	optimal idr thresholded peaks	ENCSR000BML	ChIP-seq	EFO:0002824	HCT116	immortalized cell line	adult	male	unknown	Homo sapiens					POLR2AphosphoS5-human	ENCAB000AOD	DNA		see document	see document		False	2011-07-18	ENCODE				1, 2							ENCFF041OWP, ENCFF419RSJ, ENCFF697WEI, ENCFF753VRR	725721	ENCODE Processing Pipeline	b1717fd23be577169da82a81da10274a		https://www.encodeproject.org/files/ENCFF910KOG/@@download/ENCFF910KOG.bed.gz	GRCh38			released	moderate library complexity, low read length, low read depth, mild to moderate bottlenecking	biological replicates with identical biosample		
ENCFF041OWP	bed narrowPeak	peaks	ENCSR000BML	ChIP-seq	EFO:0002824	HCT116	immortalized cell line	adult	male	unknown	Homo sapiens					POLR2AphosphoS5-human	ENCAB000AOD	DNA		see document	see document		False	2011-07-18	ENCODE				1							ENCFF701ALM, ENCFF769ESE	5858511	ENCODE Processing Pipeline	773ee5544e9d5403e61066df2ade5b13		https://www.encodeproject.org/files/ENCFF041OWP/@@download/ENCFF041OWP.bed.gz	GRCh38			released	moderate library complexity, low read length, low read depth, mild to moderate bottlenecking	biological replicates with identical biosample		
ENCFF437EHR	bed narrowPeak	peaks	ENCSR503GVO	ChIP-seq	EFO:0002824	HCT116	immortalized cell line	adult	male	unknown	Homo sapiens					ZFX-human	ENCAB657HDP	DNA					False	2017-09-07	ENCODE				1							ENCFF856NHW, ENCFF939HKH, ENCFF959SRT	7173496	ENCODE Processing Pipeline	31d7c7670f8a008fd471db75b400eb57		https://www.encodeproject.org/files/ENCFF437EHR/@@download/ENCFF437EHR.bed.gz	hg19			released	control low read depth	NTR biosample		
ENCFF939NVJ	bed narrowPeak	peaks	ENCSR503GVO	ChIP-seq	EFO:0002824	HCT116	immortalized cell line	adult	male	unknown	Homo sapiens					ZFX-human	ENCAB657HDP	DNA					False	2017-09-07	ENCODE				2							ENCFF163GGL, ENCFF856NHW, ENCFF959SRT	7380980	ENCODE Processing Pipeline	430d90feeb8cae901aa113f765b5c2f2		https://www.encodeproject.org/files/ENCFF939NVJ/@@download/ENCFF939NVJ.bed.gz	hg19			released	control low read depth	NTR biosample		
ENCFF610MUA	bed narrowPeak	peaks	ENCSR503GVO	ChIP-seq	EFO:0002824	HCT116	immortalized cell line	adult	male	unknown	Homo sapiens					ZFX-human	ENCAB657HDP	DNA					False	2017-09-07	ENCODE				1, 2							ENCFF163GGL, ENCFF856NHW, ENCFF939HKH, ENCFF959SRT	7349662	ENCODE Processing Pipeline	402e974e1740029a34629352729705c4		https://www.encodeproject.org/files/ENCFF610MUA/@@download/ENCFF610MUA.bed.gz	hg19			released	control low read depth	NTR biosample		
ENCFF335OHP	bed narrowPeak	conservative idr thresholded peaks	ENCSR503GVO	ChIP-seq	EFO:0002824	HCT116	immortalized cell line	adult	male	unknown	Homo sapiens					ZFX-human	ENCAB657HDP	DNA					False	2017-09-07	ENCODE				1, 2							ENCFF001TDO, ENCFF437EHR, ENCFF610MUA, ENCFF939NVJ	295467	ENCODE Processing Pipeline	b2538a9b4f8bd89e167dd31c3efc3c9e		https://www.encodeproject.org/files/ENCFF335OHP/@@download/ENCFF335OHP.bed.gz	hg19			released	control low read depth	NTR biosample		
ENCFF144BSH	bed narrowPeak	optimal idr thresholded peaks	ENCSR503GVO	ChIP-seq	EFO:0002824	HCT116	immortalized cell line	adult	male	unknown	Homo sapiens					ZFX-human	ENCAB657HDP	DNA					False	2017-09-07	ENCODE				1, 2							ENCFF001TDO, ENCFF437EHR, ENCFF610MUA, ENCFF939NVJ	446793	ENCODE Processing Pipeline	136660c4dfc08cf2e1a901894c44e523		https://www.encodeproject.org/files/ENCFF144BSH/@@download/ENCFF144BSH.bed.gz	hg19			released	control low read depth	NTR biosample		
ENCFF311XMJ	bed narrowPeak	peaks	ENCSR503GVO	ChIP-seq	EFO:0002824	HCT116	immortalized cell line	adult	male	unknown	Homo sapiens					ZFX-human	ENCAB657HDP	DNA					False	2017-09-07	ENCODE				1, 2							ENCFF092CVQ, ENCFF205UVR, ENCFF489VMD, ENCFF928HGU	7303769	ENCODE Processing Pipeline	01f9deab804fddec70c3535a1f1d173d		https://www.encodeproject.org/files/ENCFF311XMJ/@@download/ENCFF311XMJ.bed.gz	GRCh38			released	control low read depth	NTR biosample		
ENCFF897IRP	bed narrowPeak	conservative idr thresholded peaks	ENCSR503GVO	ChIP-seq	EFO:0002824	HCT116	immortalized cell line	adult	male	unknown	Homo sapiens					ZFX-human	ENCAB657HDP	DNA					False	2017-09-07	ENCODE				1, 2							ENCFF311XMJ, ENCFF419RSJ, ENCFF524WKI, ENCFF600YPZ	281921	ENCODE Processing Pipeline	b03996e54e73bfa5e776e21e581ae72e		https://www.encodeproject.org/files/ENCFF897IRP/@@download/ENCFF897IRP.bed.gz	GRCh38			released	control low read depth	NTR biosample		
ENCFF215SIC	bed narrowPeak	optimal idr thresholded peaks	ENCSR503GVO	ChIP-seq	EFO:0002824	HCT116	immortalized cell line	adult	male	unknown	Homo sapiens					ZFX-human	ENCAB657HDP	DNA					False	2017-09-07	ENCODE				1, 2							ENCFF311XMJ, ENCFF419RSJ, ENCFF524WKI, ENCFF600YPZ	425026	ENCODE Processing Pipeline	0ef9151544fd3d5168e93e000c481ea3		https://www.encodeproject.org/files/ENCFF215SIC/@@download/ENCFF215SIC.bed.gz	GRCh38			released	control low read depth	NTR biosample		
ENCFF524WKI	bed narrowPeak	peaks	ENCSR503GVO	ChIP-seq	EFO:0002824	HCT116	immortalized cell line	adult	male	unknown	Homo sapiens					ZFX-human	ENCAB657HDP	DNA					False	2017-09-07	ENCODE				2							ENCFF092CVQ, ENCFF205UVR, ENCFF489VMD	7396530	ENCODE Processing Pipeline	8f0914e2f04a07877d6f9bb3a03cbccf		https://www.encodeproject.org/files/ENCFF524WKI/@@download/ENCFF524WKI.bed.gz	GRCh38			released	control low read depth	NTR biosample		
ENCFF600YPZ	bed narrowPeak	peaks	ENCSR503GVO	ChIP-seq	EFO:0002824	HCT116	immortalized cell line	adult	male	unknown	Homo sapiens					ZFX-human	ENCAB657HDP	DNA					False	2017-09-07	ENCODE				1							ENCFF205UVR, ENCFF489VMD, ENCFF928HGU	7121334	ENCODE Processing Pipeline	3112833e9724ca1ab2c836a16d78366e		https://www.encodeproject.org/files/ENCFF600YPZ/@@download/ENCFF600YPZ.bed.gz	GRCh38			released	control low read depth	NTR biosample		
ENCFF001UDU	bed broadPeak	peaks	ENCSR000BVH	ChIP-seq	EFO:0002824	HCT116	immortalized cell line	adult	male	unknown	Homo sapiens					ELF1-human	ENCAB000AGA	DNA		see document	see document		False	2012-09-10	ENCODE				1	1							28789	Richard Myers, HAIB	14e97cdc854066efc8333744963e4983		https://www.encodeproject.org/files/ENCFF001UDU/@@download/ENCFF001UDU.bed.gz	hg19			released		missing derived_from, biological replicates with identical biosample		
ENCFF001UDV	bed broadPeak	peaks	ENCSR000BVH	ChIP-seq	EFO:0002824	HCT116	immortalized cell line	adult	male	unknown	Homo sapiens					ELF1-human	ENCAB000AGA	DNA		see document	see document		False	2012-09-10	ENCODE				2	1							49594	Richard Myers, HAIB	dba3d6c194b63ebe7ca56ab58137c820		https://www.encodeproject.org/files/ENCFF001UDV/@@download/ENCFF001UDV.bed.gz	hg19			released		missing derived_from, biological replicates with identical biosample		
